Municipio;Codice scuola;Tipo scuola;Natura giuridica;Tipologia;Nome scuola;Indirizzo;Telefono;Orario entrata/uscita;Corsi attivi;Totale capienza;Totale iscritti;Iscritti maschi;Iscritti femmine;Piccoli;Medi;Grandi;Iscritti > 48 mesi;Iscritti <= 48 mesi;Iscritti italiani;Iscritti non italiani
1;6467;NIDO;PRIVATO;Convenzione;ASSONIDO CLODIA;CIRCONVALLAZIONE CLODIA 133;06/36004011;08:00 / 16:30;3;20;20;13;7;6;8;6;0;20;20;0
1;3751;NIDO;SPAZIO BE.BI PRIVATO;Convenzione;BIMBO MIO;VIA ANTONIO CANTORE 4;06/3720043;08:00 / 13:00;2;18;17;11;6;0;9;8;0;17;15;2
1;3112;NIDO;COMUNALE;;BRONTOLO;VIA ANTONIO GENOVESI 24;06/39735095;08:00 / 16:30;3;69;60;28;32;15;27;18;0;60;57;3
1;6440;NIDO;PRIVATO;Aziendale;CIP E CIOP;VIA DELLA MERCEDE 96;/;08:00 / 16:30;3;6;6;3;3;1;2;3;0;6;4;2
1;3290;NIDO;COMUNALE;;COCCOLE & CO;VIA DEL MONTE OPPIO 34;06/47886784;07:30 / 17:00;3;69;56;31;25;16;27;13;0;56;46;10
1;3292;NIDO;COMUNALE;;I COCCETTI;VIA NICOLA ZABAGLIA 27;06/57286319;08:00 / 16:30;3;69;65;30;35;14;27;24;0;65;62;3
1;5779;NIDO;PRIVATO;Aziendale;IL GIARDINO MAGICO;VIA DI S. STEFANO ROTONDO 6;06/77052871;08:00 / 16:30;3;16;16;11;5;5;4;7;0;16;16;0
1;3213;NIDO;COMUNALE;;IL MAGGIOLINO;VIA NOVENIO BUCCHI 2;06/37515124;08:00 / 16:30;3;75;70;40;30;14;29;27;0;70;66;4
1;3107;NIDO;COMUNALE;;IL NIDO DI IQBAL;VIA ANGELO EMO 13;06/39721041;08:00 / 16:30;3;69;58;29;29;15;23;20;1;57;55;3
1;3906;NIDO;COMUNALE;;LA PORTA MAGICA;VIA BIXIO 87;06/77076997;08:00 / 16:30;2;47;44;20;24;0;25;19;0;44;29;15
1;3766;NIDO;COMUNALE;;L'ANGOLO DEI PICCOLI;VIA MENTANA 1;06/4461159;08:00 / 16:30;3;17;17;13;4;7;4;6;0;17;12;5
1;3289;NIDO;COMUNALE;;MAMELI;VIA GOFFREDO MAMELI 31;06/5814969;08:00 / 16:30;3;69;63;31;32;17;27;19;0;63;55;8
1;3910;NIDO;PRIVATO;Convenzione;ME AGAPE;VIALE MANLIO GELSOMINI 28;06/57301920;08:00 / 16:30;3;17;17;11;6;5;6;6;0;17;17;0
1;5576;NIDO;COMUNALE;;MICRONIDO COLOMBO;VIA SILVIO PELLICO 9;06/3721739;08:00 / 16:30;2;46;45;19;26;0;23;22;0;45;44;1
1;3110;NIDO;COMUNALE;;PINOCCHIO;PIAZZALE DEGLI EROI 12;06/39760504;08:00 / 16:30;3;69;67;37;30;15;27;25;0;67;58;9
1;3753;NIDO;SPAZIO BE.BI PRIVATO;Convenzione;POLLICINO;VIA ANGELO EMO 8;06/83508757;08:00 / 13:00;2;23;17;11;6;0;7;10;0;17;16;1
1;3911;NIDO;PRIVATO;Aziendale;PONTEPONENTEPONTEPI;PIAZZALE OSTIENSE 2;06/57996615;08:00 / 16:30;2;10;10;5;5;0;6;4;0;10;10;0
1;3291;NIDO;COMUNALE;;SAN GREGORIO AL CELIO;SALITA DI S. GREGORIO 3;06/7005415;08:00 / 16:30;3;90;85;43;42;22;34;29;0;85;78;7
2;5616;NIDO;PRIVATO;Convenzione;GIOCO COCCOLE & BIBERON;LARGO TEMISTOCLE SOLERA 7;06/45447867;08:00 / 16:30;3;29;29;13;16;4;16;9;0;29;27;2
2;5699;NIDO;PRIVATO;Convenzione;GIRODONDOLO;VIA TRIPOLITANIA 175;06/86214960;08:00 / 16:30;3;24;24;11;13;8;9;7;0;24;23;1
2;3318;NIDO;COMUNALE;;GRILLO JO;VIA DI VILLA NARDUCCI ;06/44243598;08:00 / 16:30;3;106;103;59;44;28;46;29;0;103;95;8
2;5633;NIDO;PRIVATO;Aziendale;I CUCCIOLI;VIA NOMENTANA 2;06/44122111;08:00 / 16:30;3;1;1;0;1;0;1;0;0;1;0;1
2;3285;NIDO;COMUNALE;;IL MONDO INCANTATO;VIA BOLIVIA 3;06/80693699;08:00 / 16:30;3;70;61;36;25;9;27;25;0;61;54;7
2;3284;NIDO;COMUNALE;;IL PICCOLO PRINCIPE;VIA ADIGRAT 2;06/86399301;08:00 / 16:30;2;32;29;14;15;0;16;13;0;29;25;4
2;3278;NIDO;COMUNALE;;J. MIRO';VIALE ARRIGO BOITO 47;06/8608976;08:00 / 16:30;3;80;79;34;45;15;32;32;0;79;75;4
2;3282;NIDO;COMUNALE;;L'ARCA;VIA VENEZUELA 40;06/8086111;07:30 / 17:00;3;80;72;33;39;17;30;25;0;72;59;13
2;3319;NIDO;COMUNALE;;LUCIGNOLO E PINOCCHIO;VIA DEI SABELLI 88;06/44361993;07:30 / 17:00;3;92;71;27;44;16;35;20;0;71;63;8
2;5768;NIDO;COMUNALE;;LUNA CRESCENTE;VIA FLAMINIA 225;06/3243375;08:00 / 16:30;2;28;26;15;11;0;11;15;0;26;24;2
2;3762;NIDO;PRIVATO;Convenzione;MONTESSORI;VIA NOMENTANA 54;06/44235477;08:00 / 16:30;2;23;23;10;13;0;11;12;0;23;23;0
2;5704;NIDO;SPAZIO BE.BI PRIVATO;Convenzione;PAN DI ZUCCHERO;VIA TRIPOLI 64;06/86399024;08:00 / 18:30;4;50;50;26;24;0;22;28;0;50;48;2
2;3279;NIDO;COMUNALE;;PICCOLO PINOCCHIO;VIA CIRENAICA 5;06/86219787;08:00 / 16:30;3;78;77;32;45;21;28;28;0;77;67;10
2;3283;NIDO;COMUNALE;;POLLICINA;VIA FRANCESCO GAI 9;06/3234396;08:00 / 16:30;3;45;37;26;11;5;15;17;0;37;36;1
2;5615;NIDO;PRIVATO;Convenzione;PRIMI PASSI;VIA NOMENTANA 341;06/862239249;08:00 / 16:30;2;18;18;12;6;0;9;9;0;18;18;0
2;3982;NIDO;PRIVATO;Convenzione;REGINA MARGHERITA;VIA DEI CAMPANI 75;06/4462381;08:00 / 16:30;3;60;54;24;30;19;20;15;0;54;51;3
2;3945;NIDO;COMUNALE;;SARDI;VIA DEI SARDI 35;06/49381662;08:00 / 16:30;2;37;25;13;12;0;7;18;0;25;21;4
2;5547;NIDO;SPAZIO BE.BI COMUNALE;;SPAZIO B.E.B.I. VIA ADIGRAT;VIA ADIGRAT 2;06/86399694;08:00 / 13:00;2;12;9;4;5;0;5;4;0;9;4;5
2;3281;NIDO;COMUNALE;;VILLA ADA;VIA DI PONTE SALARIO 99;06/86386868;08:00 / 16:30;3;80;67;35;32;15;23;29;0;67;66;1
2;3280;NIDO;COMUNALE;;VILLA CHIGI;VIA NICOLO' PICCINNI 60;06/86386882;07:30 / 17:00;3;82;82;36;46;20;31;31;0;82;68;14
3;3963;NIDO;COMUNALE;;A PICCOLI PASSI;VIA CARMELO MARAVIGNA ;06/95950433;08:00 / 16:30;3;60;57;27;30;12;24;21;0;57;52;5
3;3747;NIDO;SPAZIO BE.BI PRIVATO;Convenzione;ALADINO;VIA LATERINA 15;06/8819091;07:30 / 19:30;4;25;14;6;8;0;5;9;0;14;11;3
3;3263;NIDO;COMUNALE;;ARCOBALENO;VIA DELLE ISOLE CURZOLANE 69;06/8182614;08:00 / 16:30;3;57;57;25;32;10;22;25;0;57;49;8
3;3790;NIDO;PRIVATO;Convenzione;BIMBO SERENO;VIA FERRUCCIO AMENDOLA 50;06/87132128;08:00 / 16:30;3;56;54;30;24;14;15;25;0;54;53;1
3;3262;NIDO;COMUNALE;;CASTELLO DI GELSOMINA;VIA ENZO CERUSICO ;39/3665819357;07:30 / 17:00;3;69;62;24;38;15;23;24;0;62;57;5
3;3272;NIDO;COMUNALE;;CASTELLO INCANTATO;VIA DELLA BUFALOTTA 395;06/95950427;08:00 / 16:30;3;69;68;35;33;15;27;26;0;68;63;5
3;3265;NIDO;COMUNALE;;CECCHINA;VIA DELLA CECCHINA 30;06/87136291;08:00 / 16:30;3;69;69;29;40;15;27;27;0;69;68;1
3;3266;NIDO;COMUNALE;;COCCO-DRILLI E COMPANY;VIA CLELIA BERTINI ATTILJ ;06/82086784;07:30 / 17:00;3;69;63;31;32;12;28;23;0;63;57;6
3;3270;NIDO;COMUNALE;;EUREKA;VIA MONTE RESEGONE ;06/95950476/26;08:00 / 16:30;3;69;68;31;37;12;29;27;0;68;67;1
3;5807;NIDO;PRIVATO;Convenzione;GLI SCOIATTOLI;VIA TASMANIA 18;06/87248224;08:00 / 16:30;2;18;18;10;8;0;6;12;0;18;16;2
3;5676;NIDO;PRIVATO;Convenzione;I COLORI DEL MONDO - VILLA SPADA;VIA ANNIBALE MARIA DI FRANCIA 4;06/88528373;08:00 / 16:30;3;106;90;36;54;17;39;34;0;90;80;10
3;3880;NIDO;PRIVATO;Convenzione;ISTITUTO SANTA TERESA;VIA AUGUSTO PIERANTONI 30;06/8125119;08:00 / 16:30;3;27;27;14;13;5;11;11;0;27;26;1
3;5843;NIDO;COMUNALE;;LA CASA DEI BAMBINI;VIA GIOVANNI CONTI 40;06/95950436;08:00 / 16:30;2;40;40;20;20;0;20;20;0;40;39;1
3;5675;NIDO;PRIVATO;Convenzione;LA CASA SULL'ALBERO;VIALE GOTTARDO 117;06/43417157;08:00 / 16:30;3;50;50;25;25;14;19;17;0;50;46;4
3;5758;NIDO;COMUNALE;;LA CONTEA DEGLI HOBBIT;VIA GIULIO PASQUATI 45;06/95950434;08:00 / 16:30;3;66;66;31;35;14;26;26;0;66;64;2
3;5841;NIDO;PRIVATO;Convenzione;LILLIPUT;VIA VALLARSA 28;06/87186254;08:00 / 16:30;2;25;25;13;12;0;12;13;0;25;23;2
3;5842;NIDO;PRIVATO;Convenzione;L'ISOLA CHE NON C'E';VIA PETRITOLI 51;06/8815464;08:00 / 16:30;3;30;30;15;15;6;12;12;0;30;29;1
3;3789;NIDO;PRIVATO;Convenzione;PARADISO D'INFANZIA;VIA FRANCESCO PAIS SERRA 11;06/87131344;08:00 / 16:30;3;33;33;23;10;10;14;9;0;33;32;1
3;3881;NIDO;PRIVATO;Convenzione;PARCO DEI BAMBINI MONTESSORI;VIA DELLA BUFALOTTA 1070;06/87120266/175;08:00 / 16:30;2;68;68;36;32;0;34;34;0;68;66;2
3;3745;NIDO;COMUNALE;;PARCO VERDE;VIA DARIO NICCODEMI 95;06/95950430;08:00 / 16:30;3;69;67;36;31;15;27;25;0;67;64;3
3;3267;NIDO;COMUNALE;;PIANETA INFANZIA;VIA DI MONTE SACRO 17;06/86898440;08:00 / 16:30;3;50;49;29;20;10;21;18;0;49;44;5
3;5583;NIDO;COMUNALE;;PICCOLI TALENTI;VIA DARIO NICCODEMI 95;06/95950432;07:30 / 17:00;3;69;68;41;27;14;27;27;0;68;65;3
3;3264;NIDO;COMUNALE;;PRINCIPE RANOCCHIO;VIA UGO OJETTI 385;06/45519013;08:00 / 16:30;3;69;66;32;34;15;27;24;0;66;55;11
3;3268;NIDO;COMUNALE;;SOPHIA;VIA DON GIUSTINO MARIA RUSSOLILLO 47;/;08:00 / 16:30;3;69;67;41;26;15;27;25;0;67;59;8
3;3261;NIDO;COMUNALE;;SPAZIO BIMBO;VIA DI VALLE MELAINA 57;06/87198308;08:00 / 16:30;3;69;68;40;28;13;28;27;0;68;53;15
3;3746;NIDO;PRIVATO;Convenzione;UN'ISOLA PER TE;VIA DOMENICO COMPARETTI 55;06/8689200;08:00 / 16:30;3;24;21;8;13;8;8;5;0;21;20;1
4;3720;NIDO;PRIVATO;Convenzione;AMIGOS;VIA LANFRANCO CIGALA 41;06/4190740;08:00 / 16:30;3;36;31;18;13;6;10;15;0;31;27;4
4;5775;NIDO;PRIVATO;Aziendale;ASL RM B;VIA DEI MONTI TIBURTINI 385;06/41434478;08:00 / 16:30;3;10;10;4;6;3;3;4;0;10;10;0
4;3721;NIDO;PRIVATO;Convenzione;BABY 2000;VIA SEBASTIANO SATTA 80;06/4392333;08:00 / 16:30;3;46;47;27;20;12;17;18;0;47;42;5
4;5581;NIDO;PRIVATO;Convenzione;BIMBI & BLUES;VIA DELLA MORTELLA 35;06/43251795;08:00 / 16:30;3;82;79;46;33;18;34;27;0;79;77;2
4;6453;NIDO;COMUNALE;;BIMBILANDIA;VIA FRANCESCO PAOLO BONIFACIO ;/;08:00 / 16:30;3;40;27;16;11;10;9;8;0;27;25;2
4;3714;NIDO;COMUNALE;;BOLLE DI SAPONE;VIA PESCOSOLIDO 130;06/41796280;08:00 / 16:30;3;69;21;12;9;0;9;12;0;21;17;4
4;3724;NIDO;PRIVATO;Convenzione;CASA GIARDINO;PIAZZA GIUSEPPE GOLA 61;06/8271460;08:00 / 16:30;3;36;36;17;19;4;17;15;0;36;36;0
4;3901;NIDO;COMUNALE;;CASETTA GIANNI;VIALE DELLA TORRE DI PRATOLUNGO ;06/41409231;08:00 / 16:30;3;45;29;14;15;4;14;11;0;29;27;2
4;5712;NIDO;PRIVATO;Convenzione;DODO';VIA DELLA TENUTA DEL CAVALIERE 80;06/4191289;08:00 / 16:30;3;24;18;8;10;4;6;8;0;18;14;4
4;3902;NIDO;COMUNALE;;ELEFANTI E TOPOLINI;VIA VERTUMNO 60;06/41711985;08:00 / 16:30;3;74;66;38;28;17;27;22;0;66;62;4
4;6432;NIDO;PRIVATO;Concessione;FLORA;VIA FLORA ;06/94377716;08:00 / 16:30;3;77;76;40;36;22;27;27;0;76;73;3
4;6452;NIDO;COMUNALE;;GIOCOLANDIA;VIA MONTECASSIANO 120;06/41205781;08:00 / 16:30;3;40;0;0;0;0;0;0;0;0;0;0
4;3727;NIDO;PRIVATO;Convenzione;GIOCOLANDO;PIAZZALE HEGEL 6;06/86894349;08:00 / 16:30;2;20;19;9;10;0;9;10;0;19;19;0
4;3793;NIDO;PRIVATO;Convenzione;GOGHLIGO;VIA BONVESIN DE LA RIVA 85;06/41469000;08:00 / 16:30;3;19;11;8;3;0;5;6;0;11;11;0
4;3712;NIDO;COMUNALE;;I BAMBINI DELL'ALBERO AZZURRO;VIA FEDERICO MILLOSEVICH 18;06/4503935;08:00 / 16:30;3;69;62;31;31;15;21;26;0;62;51;11
4;3716;NIDO;COMUNALE;;IL  NOSTRO GIROTONDO;VIA ERNESTO ROSSI 29;06/4067725;08:00 / 16:30;3;69;67;35;32;14;27;26;0;67;63;4
4;6347;NIDO;PRIVATO;Aziendale;IL CASELLO DEI PICCOLI;VIA VITTORIO ZINCONE 1;06/43635909;08:00 / 16:30;3;20;20;16;4;5;7;8;0;20;20;0
4;5714;NIDO;PRIVATO;Convenzione;IL DIRIGIBILE;VIALE RATTO DELLE SABINE 5;06/41299057;08:00 / 16:30;3;67;64;33;31;15;28;21;0;64;60;4
4;5592;NIDO;COMUNALE;;IL GIARDINO DEGLI ARANCI;VIA GUGLIELMO IOZZIA ;06/45539908;08:00 / 16:30;3;48;31;22;9;4;14;13;0;31;26;5
4;3717;NIDO;COMUNALE;;IL GIRASOLE GIALLO;VIA GIOVANNI ZANARDINI 109;06/82003990;08:00 / 16:30;3;69;69;36;33;15;28;26;0;69;67;2
4;3710;NIDO;COMUNALE;;INSIEME CON UN SORRISO;PIAZZA DI S. MARIA DELL'OLIVO 1;06/4131307;08:00 / 16:30;3;69;52;31;21;18;20;14;0;52;39;13
4;3709;NIDO;COMUNALE;;LA COCCINELLA GIALLA;VIA PERGOLA 14;06/4103267;08:00 / 16:30;3;69;68;36;32;11;30;27;0;68;57;11
4;5578;NIDO;PRIVATO;Convenzione;LA FARFALLA;PIAZZA RICCARDO BALSAMO CRIVELLI 66;06/43562762;08:00 / 16:30;2;26;26;14;12;0;13;13;0;26;26;0
4;3715;NIDO;COMUNALE;;LA GIOSTRA;VIA SILVIO NEGRO 39;06/4391169;08:00 / 16:30;3;69;55;27;28;12;23;20;0;55;44;11
4;3713;NIDO;COMUNALE;;LA GIRANDOLA;VIA DEL PODERE ROSA 116;06/8277483;08:00 / 16:30;3;69;69;39;30;17;25;27;0;69;63;6
4;3706;NIDO;COMUNALE;;LA MONGOLFIERA MAGICA;VIALE BATTISTA BARDANZELLU 34;06/40819546;08:00 / 16:30;3;69;67;33;34;15;26;26;0;67;66;1
4;3711;NIDO;COMUNALE;;L'ALTALENA;VIA ALBERTO POLLIO ;06/43252719;08:00 / 16:30;3;62;48;27;21;12;17;19;0;48;42;6
4;3708;NIDO;COMUNALE;;L'AQUILONE ROSSO;VIA RIVISONDOLI 6;06/4073170;08:00 / 16:30;3;46;44;23;21;10;19;15;0;44;28;16
4;3705;NIDO;COMUNALE;;L'ELEFANTINO ELMER;VIA DEL FRANTOIO 52;06/40501995;08:00 / 16:30;3;46;45;23;22;12;16;17;0;45;44;1
4;5713;NIDO;PRIVATO;Convenzione;L'ISOLA DI NIKI;VIA NAZARENO GIANNI 9;06/41409285;08:00 / 16:30;3;33;31;13;18;9;12;10;0;31;31;0
4;3707;NIDO;COMUNALE;;LO SCARABOCCHIO BLU;VIA NINO TAMASSIA 33;06/41229312;08:00 / 16:30;3;69;58;27;31;13;20;25;0;58;55;3
4;3900;NIDO;PRIVATO;Convenzione;LO SCOIATTOLO ALLEGRO;VIA MONTORIO AL VOMANO 7;06/4103309;08:00 / 16:30;2;46;41;21;20;0;24;17;0;41;35;6
4;5582;NIDO;PRIVATO;Aziendale;NANNA BELLA;VIA DI S. ALESSANDRO ;06/41505324;08:00 / 16:30;3;25;26;8;18;9;10;7;0;26;26;0
4;5711;NIDO;PRIVATO;Progetto Finanziato;SETTECAMINI-NIDI NEL VERDE;VIALE ATTILIO BERTOLUCCI 9;345/2998655;07:30 / 16:30;3;69;62;28;34;14;22;26;0;62;58;4
4;5590;NIDO;PRIVATO;Convenzione;TIGRO;PIAZZA PAOLO ROSSI ;06/4110190;08:00 / 16:30;3;10;9;4;5;1;5;3;0;9;9;0
4;3726;NIDO;PRIVATO;Convenzione;WINNI POOH;VIA DEL CASALE DI S. BASILIO 236;06/41229575;08:00 / 16:30;3;14;14;10;4;3;5;6;0;14;13;1
5;6450;NIDO;PRIVATO;Aziendale;ATAC PRENESTINA;VIA PRENESTINA 41;/;08:00 / 16:30;3;10;9;7;2;3;3;3;0;9;6;3
5;5500;NIDO;PRIVATO;Aziendale;BABY BUS;VIA PRENESTINA 607;06/46953535;08:00 / 16:30;3;26;26;19;7;8;10;8;0;26;14;12
5;5002;NIDO;SPAZIO BE.BI PRIVATO;Convenzione;CASETTA DEGLI GNOMI;VIA ARISTIDE STADERINI 30;06/88550482;08:00 / 13:00;2;18;11;6;5;0;6;5;0;11;9;2
5;3325;NIDO;COMUNALE;;FATA PRIMAVERA;VIALE DELLA PRIMAVERA 304;06/24300015;08:00 / 16:30;3;46;46;22;24;12;17;17;0;46;42;4
5;3363;NIDO;COMUNALE;;GHIRIGO';VIA DEI PLATANI 29;06/95950708;08:00 / 16:30;2;52;52;19;33;0;26;26;0;52;42;10
5;5795;NIDO;PRIVATO;Convenzione;HAPPY HYPPO;VIA CASILINA 931;339/2345042;08:00 / 16:30;3;21;21;13;8;9;9;3;0;21;17;4
5;3323;NIDO;COMUNALE;;I BIMBI DELL'ARCOBALENO;VIA GAETANO SALVEMINI 60;06/2419316;07:30 / 17:00;3;69;61;32;29;16;26;19;0;61;45;16
5;3369;NIDO;COMUNALE;;I GIOCOSI ANATROCCOLI;VIA PRENESTINA VECCHIA 490;06/95950714;07:30 / 17:00;3;69;68;38;30;14;27;27;0;68;55;13
5;3324;NIDO;COMUNALE;;IL BOSCO INCANTATO;VIA GENTILE DA MOGLIANO 109;06/270794;08:00 / 16:30;3;46;44;24;20;12;17;15;0;44;42;2
5;3372;NIDO;COMUNALE;;IL GIARDINO DI ROSATI;VIA LORENZO DELLEANI 21;06/95950716;07:30 / 17:00;3;69;68;37;31;15;26;27;0;68;57;11
5;3367;NIDO;COMUNALE;;IL MELOGRANO;VIA DELIA 52;06/95950712;08:00 / 16:30;3;69;67;41;26;15;25;27;0;67;59;8
5;3371;NIDO;COMUNALE;;IL PETTIROSSO;VIALE GIOVANNI BATTISTA VALENTE 142;06/95950715;08:00 / 16:30;3;69;67;32;35;14;26;27;0;67;59;8
5;3329;NIDO;COMUNALE;;IL PICCOLO GIARDINO DEI  COLORI;VIA MONTONA 1;06/2154427;07:30 / 17:00;3;69;68;39;29;14;29;25;0;68;62;6
5;3365;NIDO;COMUNALE;;IL SOLE E LA LUNA;VIA DEL CAMPO 48;06/95950710;07:00 / 18:00;3;69;66;36;30;15;25;26;0;66;47;19
5;3328;NIDO;COMUNALE;;IL SOLE NIDO;VIA DI CENTOCELLE 236;06/2428209;08:00 / 16:30;3;60;58;34;24;15;22;21;0;58;54;4
5;3321;NIDO;COMUNALE;;LA CASA DELLO SCARABOCCHIO;VIA ANAGNI 26;06/21803574;07:30 / 17:00;3;69;68;36;32;14;27;27;0;68;60;8
5;3330;NIDO;COMUNALE;;LA COMETA;VIALE TELESE 64;06/21729287;08:00 / 16:30;3;69;68;42;26;14;28;26;0;68;57;11
5;5707;NIDO;PRIVATO;Convenzione;LA FRECCIA AZZURRA;VIA DI VILLA LAURICELLA 22;06/96038315;08:00 / 16:30;3;28;28;14;14;0;15;13;0;28;26;2
5;5692;NIDO;PRIVATO;Convenzione;LA LOCOMOTIVA;VIA COLLATINA 285;06/2253719;08:00 / 16:30;2;22;22;13;9;0;11;11;0;22;22;0
5;3326;NIDO;COMUNALE;;LA MAGNOLIA;PIAZZA DEI CONDOTTIERI 34;06/295179;08:00 / 16:30;3;87;81;45;36;16;26;39;0;81;67;14
5;5716;NIDO;COMUNALE;;LA PICCOLA IMPRONTA;VIA POLICASTRO 45;06/24407366;08:00 / 16:30;3;86;84;41;43;26;36;22;0;84;75;9
5;3368;NIDO;COMUNALE;;L'ALBERO AZZURRO;VIA DEI LARICI ;06/95950713;07:30 / 17:00;3;95;92;41;51;12;42;38;0;92;81;11
5;3763;NIDO;SPAZIO BE.BI PRIVATO;Convenzione;L'ALTALUNA;VIA DELLE PALME 197;06/2590970;08:00 / 13:00;2;19;16;8;8;0;10;6;0;16;16;0
5;5776;NIDO;PRIVATO;Convenzione;L'ALTRALUNA;VIA DELLE SUSINE 76;06/98180984;08:00 / 16:30;3;51;51;32;19;14;19;18;0;51;47;4
5;5835;NIDO;COMUNALE;;L'APE BIRICHINA;VIA GIORGIO PERLASCA 59;06/95950720;08:00 / 16:30;3;69;67;29;38;13;26;28;0;67;64;3
5;5693;NIDO;SPAZIO BE.BI PRIVATO;Convenzione;L'INCANTALUNA;VIA DEL GRANO 58;06/23219996;08:00 / 13:00;2;19;12;6;6;0;4;8;0;12;9;3
5;3364;NIDO;COMUNALE;;L'ISOLA CHE NON C'E';VIA DELLE RESEDE 1;06/95950709;07:30 / 17:00;3;86;85;39;46;12;38;35;0;85;60;25
5;3366;NIDO;COMUNALE;;MARAMAO;LARGO APPIO CHIEREGATTI 8;06/95950711;07:30 / 17:00;3;69;66;39;27;14;22;30;0;66;59;7
5;3764;NIDO;PRIVATO;Convenzione;OLTRE IL GIARDINO;VIA MOLFETTA 30;06/2184198;08:00 / 16:30;2;56;55;31;24;0;28;27;0;55;53;2
5;5787;NIDO;PRIVATO;Convenzione;PICCOLE PESTI CRESCONO;VIA DELLE NESPOLE 68;06/23232677;08:00 / 16:30;3;24;24;12;12;9;10;5;0;24;22;2
5;3327;NIDO;COMUNALE;;RICCIOLI D'ORO;VIA ISIDORO DI CARACE 50;06/21704589;08:00 / 16:30;3;46;44;17;27;11;16;17;0;44;39;5
5;3322;NIDO;COMUNALE;;ZIGO ZAGO;VIA CASILINA 711;06/2427508;08:00 / 16:30;3;60;57;35;22;12;26;19;0;57;41;16
6;3984;NIDO;PRIVATO;Convenzione;ALADINO;VIA MONTELPARO 22;329/7143250;08:00 / 16:30;2;20;20;11;9;0;7;13;0;20;15;5
6;5793;NIDO;PRIVATO;Convenzione;ARCHIMEDE;VIA DELLA POIANA 35;06/60659611;08:00 / 16:30;2;29;29;19;10;0;14;15;0;29;24;5
6;3217;NIDO;COMUNALE;;ARCOBALENO;VIA BATTISTA PANZERA 23;06/20630050;07:30 / 17:00;3;69;69;31;38;11;30;28;0;69;49;20
6;3214;NIDO;COMUNALE;;BABY BRICIOLA;VIA PIETRO BELON 94;06/262772;08:00 / 16:30;3;46;46;26;20;9;21;16;0;46;36;10
6;3216;NIDO;COMUNALE;;BAMBI;VIA LUIGI ROSSINI 1;06/20419140;07:30 / 17:00;3;69;69;31;38;16;26;27;0;69;59;10
6;5814;NIDO;PRIVATO;Convenzione;CAMOMILLA;VIA ROCCA DI CAMBIO 16;06/22460408;08:00 / 16:30;3;69;69;32;37;20;26;23;0;69;67;2
6;5546;NIDO;PRIVATO;Convenzione;CAMPO DI TULIPANI;VIA DELL' OSTERIA DEL FINOCCHIO 35;06/2070975;08:00 / 16:30;3;40;40;20;20;6;17;17;0;40;30;10
6;6429;NIDO;PRIVATO;Concessione;CASTELVERDE;LARGO ROTELLO ;06/89522364;08:00 / 16:30;3;72;72;47;25;16;28;28;0;72;62;10
6;3741;NIDO;COMUNALE;;CENTO COLORI;VIA AGOSTINO MITELLI ;06/2008800;08:00 / 16:30;3;69;69;44;25;12;28;29;0;69;43;26
6;3220;NIDO;COMUNALE;;COLLINA VERDE;VIA CAPACI 37;06/20762655;07:30 / 17:00;3;69;69;35;34;15;27;27;0;69;50;19
6;5668;NIDO;PRIVATO;Convenzione;CRESCERE INSIEME;VIA MALVAGNA 43;06/20764101;08:00 / 16:30;3;41;41;16;25;12;14;15;0;41;33;8
6;5792;NIDO;PRIVATO;Convenzione;CRESCERE INSIEME 2;VIA DI TOR BELLA MONACA 495;06/2011411;08:00 / 16:30;3;115;115;64;51;39;46;30;0;115;57;58
6;5626;NIDO;PRIVATO;Convenzione;DINDOLO';VIA ATLANTE 210;06/2003234;08:00 / 16:30;2;29;29;19;10;0;14;15;0;29;20;9
6;3875;NIDO;PRIVATO;Convenzione;GIOCAREDUCANDO;VIA SICULIANA 237;06/20627783;08:00 / 16:30;2;28;28;16;12;0;14;14;0;28;20;8
6;3983;NIDO;PRIVATO;Convenzione;GLI ORSETTI DEL CUORE;VIA ARAGONA 69;06/20977695;08:00 / 16:30;3;45;45;20;25;8;16;21;0;45;37;8
6;5797;NIDO;PRIVATO;Convenzione;GLI ORSETTI DEL CUORE 2;VIA ROCCA FIORITA 210;06/2012245;08:00 / 16:30;3;64;64;38;26;12;26;26;0;64;62;2
6;5627;NIDO;PRIVATO;Convenzione;GREEN GARDEN;VIA SICULIANA 188;06/2001094;08:00 / 16:30;2;21;21;8;13;0;11;10;0;21;13;8
6;5789;NIDO;PRIVATO;Convenzione;I COLORI DEL MONDO - VIA AVOLA;VIA AVOLA 119;06/22751329;08:00 / 16:30;3;82;82;45;37;16;36;30;0;82;71;11
6;3979;NIDO;PRIVATO;Convenzione;I COLORI DEL MONDO VIA ACERRA;VIA ACERRA 27;06/22424033;08:00 / 16:30;2;43;43;24;19;0;20;23;0;43;34;9
6;5671;NIDO;PRIVATO;Convenzione;I COLORI DEL MONDO VIA ROCCA D'EVANDRO;VIA ROCCA D'EVANDRO 22;06/22754146;08:00 / 16:30;2;46;46;30;16;0;21;25;0;46;30;16
6;3967;NIDO;COMUNALE;;I PRIMI PASSI;VIA MILLET ;06/20430090;08:00 / 16:30;3;66;66;33;33;12;27;27;0;66;58;8
6;5809;NIDO;PRIVATO;Convenzione;IL BOSCO DEI FOLLETTI;VIA GIUSEPPE MARIA MORETTI 38;06/2010669;08:00 / 16:30;3;15;15;8;7;4;5;6;0;15;12;3
6;5808;NIDO;PRIVATO;Convenzione;IL BOSCO DEI FOLLETTI DUE;VIA MONOPOLI 18;06/2008780;08:00 / 16:30;3;15;15;6;9;5;5;5;0;15;13;2
6;3219;NIDO;COMUNALE;;IL BRUCO;VIA TROINA 15;06/2050851;08:00 / 16:30;3;69;69;40;29;12;29;28;0;69;58;11
6;5550;NIDO;PRIVATO;Convenzione;IL CESTO DEI TESORI;VIA ROCCALUMERA 76;06/22446923;08:00 / 16:30;3;32;32;22;10;5;13;14;0;32;25;7
6;5794;NIDO;PRIVATO;Convenzione;IL PINGUINO;VIA GIACOMO FILIPPO PISONI 2;06/2253560;08:00 / 16:30;2;25;25;14;11;0;12;13;0;25;20;5
6;5672;NIDO;PRIVATO;Convenzione;LA BANDA BASSOTTI;VIA SANT'ELPIDIO A MARE 164;06/22403321;08:00 / 16:30;3;46;46;24;22;10;18;18;0;46;44;2
6;5839;NIDO;PRIVATO;Convenzione;LA CICALA E LA FORMICA;VIA CALABRITTO 14;06/2251796;08:00 / 16:30;3;30;30;19;11;7;9;14;0;30;26;4
6;3218;NIDO;COMUNALE;;L'ANATROCCOLO;VIA ACQUARONI 53;06/2008606;08:00 / 16:30;3;69;67;34;33;12;28;27;0;67;45;22
6;3215;NIDO;COMUNALE;;L'ARCA DI NOÈ;VIA RUGANTINO 99;06/260265;08:00 / 16:30;3;69;68;35;33;15;27;26;0;68;59;9
6;5670;NIDO;PRIVATO;Convenzione;LATTE E BISCOTTI;VIA ORICOLA 57;06/88920051;08:00 / 16:30;2;30;30;15;15;0;15;15;0;30;27;3
6;5720;NIDO;COMUNALE;;L'AVVENTURA DI CRESCERE;VIA LUCIANO CONTI 63;06/22450615;07:30 / 17:00;3;69;69;37;32;15;27;27;0;69;62;7
6;5577;NIDO;COMUNALE;;LE API LABORIOSE;VIA LUCIANO CONTI 63;06/22511179;08:00 / 16:30;2;55;55;35;20;0;28;27;0;55;52;3
6;5498;NIDO;COMUNALE;;LE NOSTRE ORME;VIA MICHELE DE MARCO 53;06/266994;08:00 / 16:30;3;58;57;32;25;12;25;20;0;57;43;14
6;5894;NIDO;COMUNALE;;OSCAR ROMERO;VIA OSCAR ARNULFO ROMERO ;366/5828407;08:00 / 16:30;3;52;52;29;23;12;20;20;0;52;40;12
6;5629;NIDO;PRIVATO;Convenzione;PICCOLO NIDO;VIA ATTEONE 134;06/2005915;08:00 / 16:30;3;22;22;7;15;6;8;8;0;22;16;6
7;3340;NIDO;COMUNALE;;ACCADEMIA DEI CUCCIOLI;VIA SERVILIA 22;06/79840085;08:00 / 16:30;3;69;65;41;24;16;26;23;0;65;53;12
7;5695;NIDO;PRIVATO;Convenzione;ANGHINGO';VIA APPIA NUOVA 889;/;08:00 / 16:30;3;45;45;27;18;10;21;14;0;45;44;1
7;3223;NIDO;COMUNALE;;AQUILONE;CIRCONVALLAZIONE APPIA 118;06/7843287;08:00 / 16:30;3;55;54;32;22;10;23;21;0;54;47;7
7;3222;NIDO;COMUNALE;;ARCOBALENO;VIA LUSITANIA 20;06/70496561;07:30 / 17:00;3;69;68;29;39;15;26;27;0;68;58;10
7;3884;NIDO;PRIVATO;Convenzione;BARNEPARK;VIA FALERIA 21;06/77208032 - 0677208;08:00 / 16:30;3;33;33;15;18;10;13;10;0;33;33;0
7;6445;NIDO;PRIVATO;Convenzione;BIMBI ALL'OPERA;VIA TUSCOLANA 1377;/;08:00 / 16:30;3;18;17;5;12;4;8;5;0;17;14;3
7;3740;NIDO;SPAZIO BE.BI PRIVATO;Convenzione;COCCODILLO;VIA DELLA MOLARA ;06/76963371;08:00 / 13:00;2;15;15;7;8;0;8;7;0;15;11;4
7;3988;NIDO;SPAZIO BE.BI PRIVATO;Convenzione;DOPO LA CICOGNA;VIA MARCO TABARRINI 16;06/78147725;07:30 / 18:00;4;30;23;13;10;0;13;10;0;23;17;6
7;3788;NIDO;SPAZIO BE.BI PRIVATO;Convenzione;GERMOGLIO DI VITE;VIA MARCO DINO ROSSI 30;/;07:30 / 19:30;4;69;18;9;9;0;12;6;0;18;17;1
7;5613;NIDO;PRIVATO;Convenzione;GIANGIOCO;VIA S. ANTONIO MARIA GIANELLI 32;/;08:00 / 16:30;3;22;22;11;11;8;10;4;0;22;22;0
7;3224;NIDO;COMUNALE;;GIROMONDO;VIA S. DOMENICO SAVIO 25;06/78344236;08:00 / 16:30;3;69;69;39;30;14;29;26;0;69;61;8
7;3226;NIDO;COMUNALE;;GIROTONDO;VIA FERDINANDO UGHELLI 54;06/7842295;08:00 / 16:30;3;55;54;32;22;12;21;21;0;54;53;1
7;5642;NIDO;PRIVATO;Convenzione;I GIOCHI DELL'ARTE;VIA APPIA PIGNATELLI 381;/;08:00 / 16:30;3;38;36;19;17;11;12;13;0;36;32;4
7;3254;NIDO;COMUNALE;;I PICCOLI ARTISTI;VIA DELLA TENUTA DEL CASALOTTO ;06/79848102;07:30 / 17:00;3;83;74;37;37;16;32;26;0;74;64;10
7;3973;NIDO;PRIVATO;Convenzione;IL CAMPO DI FRAGOLE;VIA FRANCESCO ANTOLISEI 25;/;08:00 / 16:30;3;69;55;29;26;14;25;16;0;55;50;5
7;3895;NIDO;PRIVATO;Convenzione;IL CAMPO DI GIRASOLI;VIA ENRICO FERRI 8;/;08:00 / 16:30;3;60;59;34;25;10;25;24;0;59;57;2
7;3730;NIDO;PRIVATO;Convenzione;IL CAMPO DI GRANO;VIA FRANCESCO ANTOLISEI 19;/;08:00 / 16:30;3;48;41;20;21;9;21;11;0;41;32;9
7;3256;NIDO;COMUNALE;;IL CESTINO DEI TESORI;VIA FABRIZIO LUSCINO 57;06/76963496;08:00 / 16:30;3;82;79;42;37;15;34;30;0;79;74;5
7;3560;NIDO;COMUNALE;;IL GERMOGLIO VERDE;VIA GELA 22;06/7026608;08:00 / 16:30;2;36;36;25;11;0;18;18;0;36;31;5
7;5815;NIDO;COMUNALE;;IL GIARDINO DI SUSANNA;VIA FILIPPO SERAFINI ;06/7216167;08:00 / 16:30;2;53;53;27;26;0;26;27;0;53;47;6
7;3260;NIDO;COMUNALE;;IL MELOGRANO;VIA DEL QUADRARO ;06/76964716;08:00 / 16:30;3;46;44;21;23;12;17;15;0;44;42;2
7;3252;NIDO;COMUNALE;;IL TRENINO;VIA CARFIZZI 30;06/7185541;07:30 / 17:00;3;75;72;35;37;15;30;27;0;72;63;9
7;3522;NIDO;COMUNALE;;LA CHIOCCIOLA;VIA FARSALO 2;06/7004384;07:30 / 17:00;3;71;66;31;35;15;27;24;0;66;66;0
7;5725;NIDO;PRIVATO;Convenzione;LA CITTA' DEL SOLE;VIA DELLA TENUTA DEL CASALOTTO 54;/;08:00 / 16:30;2;28;26;16;10;0;12;14;0;26;24;2
7;3251;NIDO;COMUNALE;;LA MIMOSA;VIA SALVATORE BARZILAI 46;06/7235169;08:00 / 16:30;3;69;69;39;30;18;24;27;0;69;59;10
7;5724;NIDO;PRIVATO;Convenzione;LA PICCOLA TRIBU';VIA DI CASAL MORENA 142;/;08:00 / 16:30;2;30;28;17;11;0;13;15;0;28;25;3
7;3258;NIDO;COMUNALE;;LA TROTTOLA;VIA DEL QUADRARETTO 31;06/765611;07:30 / 17:00;3;69;65;28;37;15;23;27;0;65;52;13
7;3227;NIDO;COMUNALE;;L'ACCADEMIA DELLA BRICIOLA;VIA LUGNANO IN TEVERINA 57;06/7857984;08:00 / 16:30;3;69;69;29;40;17;26;26;0;69;66;3
7;3255;NIDO;COMUNALE;;L'ARCO;VIA IRSINA 31;06/7184477;08:00 / 16:30;3;69;46;16;30;11;22;13;0;46;44;2
7;3225;NIDO;COMUNALE;;LE MARIONETTE;VIA LICIA 10;06/70494652;08:00 / 16:30;2;55;53;24;29;0;27;26;0;53;50;3
7;5487;NIDO;PRIVATO;Convenzione;LUBA;VIA TOMMASO FORTIFIOCCA 11;06/78147421;08:00 / 16:30;3;28;28;17;11;12;11;5;0;28;28;0
7;5612;NIDO;PRIVATO;Convenzione;LUBA 2;VIA DEL VELODROMO 13;/;08:00 / 16:30;3;28;28;13;15;10;10;8;0;28;27;1
7;5630;NIDO;SPAZIO BE.BI PRIVATO;Convenzione;LUCY MAY;VIA CARLO CIPOLLA 58;/;08:00 / 13:00;2;11;11;7;4;0;7;4;0;11;11;0
7;3965;NIDO;COMUNALE;;MELODILLA;VIA SANTE VANDI 1;06/98951739;07:30 / 17:00;3;69;68;36;32;18;33;17;0;68;61;7
7;3257;NIDO;COMUNALE;;MONDO FATATO;VIA CALPURNIO PISONE 41;06/71587195;07:30 / 17:00;3;69;67;36;31;18;24;25;0;67;61;6
7;5634;NIDO;PRIVATO;Progetto Finanziato;NIDI NEL VERDE - VIA A. BURRI - OST. CURATO;VIA ALBERTO BURRI 45;/;07:30 / 16:30;3;69;69;30;39;14;28;27;0;69;62;7
7;5635;NIDO;PRIVATO;Progetto Finanziato;NIDI NEL VERDE - VIA R. SALVATORI - ANAGNINA 2;VIA RENATO SALVATORI 89;/;07:30 / 16:30;3;69;69;33;36;16;26;27;0;69;67;2
7;5801;NIDO;SPAZIO BE.BI PRIVATO;Convenzione;NOI CI DIVERTIAMO;VIA LATINA 120;06/64800856;08:00 / 19:00;4;28;13;7;6;0;4;9;0;13;11;2
7;6474;NIDO;PRIVATO;Convenzione;NOI CI DIVERTIAMO 2;VIA VOGHERA 35;346/1493339;08:00 / 16:30;3;19;19;14;5;7;6;6;0;19;19;0
7;3253;NIDO;COMUNALE;;PAN DI ZUCCHERO;VIA ARRIGO SOLMI 13;06/71586997;08:00 / 16:30;3;69;68;35;33;18;23;27;0;68;60;8
7;3729;NIDO;PRIVATO;Convenzione;PICCINO PICCIO';VIA MARCO DINO ROSSI 38;/;08:00 / 16:30;3;52;52;30;22;18;22;12;0;52;43;9
7;3221;NIDO;COMUNALE;;POLLICINO;VIA GIULIANELLO 25;06/76965379;07:30 / 17:00;3;80;80;42;38;15;32;33;0;80;73;7
7;3739;NIDO;SPAZIO BE.BI PRIVATO;Convenzione;PRIMI INCONTRI;VIA DI VIGNA FABBRI 19;06/7853334;08:00 / 19:00;4;21;21;7;14;0;13;8;0;21;21;0
7;3228;NIDO;COMUNALE;;SCARABOCCHIO;VIA TARANTO 89;06/7012723;07:30 / 17:00;3;69;69;38;31;15;27;27;0;69;64;5
7;5586;NIDO;COMUNALE;;UNO, DUE, TRE... STELLA!;VIA LIBERO LEONARDI ;06/72901486;08:00 / 16:30;3;64;64;38;26;16;24;24;0;64;54;10
8;2629;NIDO;COMUNALE;;AQUILONE COLORATO;VIALE GIUSTINIANO IMPERATORE 147;06/59646140;08:00 / 16:30;3;69;67;32;35;16;25;26;0;67;61;6
8;3563;NIDO;COMUNALE;;C'ERA UNA VOLTA;VIALE ALDO BALLARIN 102;06/51962619;08:00 / 16:30;2;30;29;19;10;0;14;15;0;29;25;4
8;3993;NIDO;PRIVATO;Convenzione;CON GLI OCCHI DEI BAMBINI;VIA POMARICO 59;06/64522012;08:00 / 16:30;3;43;43;22;21;13;17;13;0;43;42;1
8;3701;NIDO;COMUNALE;;FIABE E COLORI;VIA DI GROTTA PERFETTA 607;06/51531174;08:00 / 16:30;3;69;68;30;38;16;24;28;0;68;63;5
8;2628;NIDO;COMUNALE;;IL BRUCO VERDE;VIA GIUSEPPE CERBARA 95;06/51882871;08:00 / 16:30;3;69;68;35;33;15;27;26;0;68;57;11
8;2630;NIDO;COMUNALE;;IL CHICCO DI GRANO;VIA DEI GRANAI DI NERVA 16;06/5038097;07:30 / 17:00;3;69;66;33;33;16;24;26;0;66;61;5
8;2627;NIDO;COMUNALE;;IL CILIEGIO ROSA;VIA DELL'ACCADEMIA ALDINA 30;06/54230906;08:00 / 16:30;3;82;79;44;35;18;36;25;0;79;68;11
8;3955;NIDO;PRIVATO;Aziendale;IL GIROTONDO - C/O INPDAP;VIALE ALDO BALLARIN 56;06/51018763;08:00 / 16:30;2;22;22;11;11;0;13;9;0;22;18;4
8;3760;NIDO;PRIVATO;Convenzione;IL MAPPAMONDO;VIA OSTIENSE 104;06/57289147;08:00 / 16:30;2;18;18;14;4;0;8;10;0;18;15;3
8;2633;NIDO;COMUNALE;;IL VILLAGGIO NEL BOSCO;VIA ANTONIO MANNUCCI 20;06/5115920;07:30 / 17:00;3;80;79;37;42;16;20;43;0;79;72;7
8;2634;NIDO;COMUNALE;;LA FILASTROCCA;VIA TARSO 35;06/5410019;08:00 / 16:30;3;82;15;7;8;0;14;1;0;15;14;1
8;2631;NIDO;COMUNALE;;LA GHIRONDA;VIA DELL'ACCADEMIA DEL CIMENTO 28;06/5110357;08:00 / 16:30;2;43;42;21;21;0;19;23;0;42;41;1
8;2632;NIDO;COMUNALE;;L'ACQUERELLO;VIA ANDREA MANTEGNA 130;06/5141245;07:30 / 17:00;3;69;68;33;35;15;26;27;0;68;61;7
8;2636;NIDO;COMUNALE;;L'ISOLA DI PETER PAN;VIA DELLA VILLA DI LUCINA SNC;06/5127789;08:00 / 16:30;3;66;65;31;34;15;24;26;0;65;60;5
8;3992;NIDO;SPAZIO BE.BI PRIVATO;Convenzione;LUDOMAGICABU';VIA DEI LINCEI 93;06/51605173;08:00 / 13:00;2;14;12;6;6;0;4;8;0;12;12;0
8;5761;NIDO;PRIVATO;Aziendale;MARAMEO ASILO NIDO AZIENDALE C/O CTO;VIA S. NEMESIO 28;06/51003669;08:00 / 16:30;3;20;20;11;9;3;11;6;0;20;20;0
8;5669;NIDO;PRIVATO;Convenzione;MONTESSORI;VIA VIGGIANO 55;06/51962911;08:00 / 16:30;3;18;18;8;10;4;10;4;0;18;18;0
8;3758;NIDO;PRIVATO;Convenzione;NERINA NOE';VIA VIGGIANO 78;06/5037101;08:00 / 16:30;2;18;18;10;8;0;8;10;0;18;18;0
8;3756;NIDO;PRIVATO;Convenzione;ORSETTO BALOO;VIALE CARLO TOMMASO ODESCALCHI 67;06/51606140;08:00 / 16:30;3;23;21;14;7;5;11;5;0;21;17;4
8;5566;NIDO;COMUNALE;;PICCOLI MONELLI;VIA GIUSEPPE CASALINUOVO 1;06/59637240;08:00 / 16:30;3;69;67;35;32;16;25;26;0;67;63;4
8;2635;NIDO;COMUNALE;;PICCOLO GIRASOLE;VIA TULLIO LEVI CIVITA 20;06/5594502;08:00 / 16:30;3;52;52;27;25;10;24;18;0;52;48;4
9;3295;NIDO;COMUNALE;;ALLEGRA ARCA DI NOE';VIA DELLA DIVISIONE TORINO 157;06/95951215;07:30 / 17:00;3;69;64;34;30;16;27;21;0;64;57;7
9;3876;NIDO;PRIVATO;Aziendale;AMA CATERINETTA;VIA GIAN PIETRO LUCINI 16;06/50513827;08:00 / 16:30;3;50;41;19;22;6;19;16;0;41;30;11
9;3998;NIDO;COMUNALE;;BACCHETTA MAGICA;VIA ETTORE JANNI ;06/95951238;07:30 / 17:00;3;60;58;35;23;14;21;23;0;58;51;7
9;3878;NIDO;PRIVATO;Convenzione;BIMBI ALLEGRI;VIA MARCELLO GAROSI 65;06/45476261;08:00 / 16:30;3;28;28;15;13;4;13;11;0;28;28;0
9;6427;NIDO;PRIVATO;Concessione;CALIMERO;LARGO AMALIA CAMBONI 8;06/52831030;08:00 / 16:30;3;136;134;76;58;36;55;43;0;134;131;3
9;3918;NIDO;PRIVATO;Aziendale;CASA DEL CILIEGIO - UNICREDIT SPA;VIALE UMBERTO TUPINI 180;06/87839730;08:00 / 16:30;3;9;9;7;2;0;2;7;0;9;9;0
9;3798;NIDO;SPAZIO BE.BI PRIVATO;Convenzione;CINQUE LIBERA TUTTI;VIA LAURENTINA 748;06/5004034;08:00 / 13:00;2;28;17;9;8;0;9;8;0;17;13;4
9;6421;NIDO;PRIVATO;Concessione;DOLCI SORRISI;VIA ILDEBRANDO VIVANTI 81;/;08:00 / 16:30;3;66;66;32;34;17;27;22;0;66;64;2
9;5709;NIDO;PRIVATO;Convenzione;FIABA;VIA MARCELLO GAROSI 23;06/5072660;08:00 / 16:30;3;35;35;21;14;10;15;10;0;35;35;0
9;4002;NIDO;PRIVATO;Convenzione;FIABA...CONTINUA;VIA MAROCCO 30;06/5915589;08:00 / 16:30;3;45;45;22;23;11;20;14;0;45;45;0
9;3482;NIDO;COMUNALE;;GIARDINO D'EUROPA - NIDO;VIALE CITTA' D'EUROPA 345;06/95951220;08:00 / 17:00;3;69;64;29;35;19;25;20;0;64;62;2
9;4000;NIDO;PRIVATO;Convenzione;I GIARDINI DI ZEUS - EUR;VIA GIUSEPPE ARMELLINI 35;06/5034511;08:00 / 16:30;3;69;58;23;35;11;35;12;0;58;54;4
9;6217;NIDO;PRIVATO;Aziendale;I NOSTRI PICCOLI SORRISI- I.N.P.S.;VIALE DELLA CIVILTA' DEL LAVORO 71;06/59054545;08:00 / 16:30;3;8;8;2;6;2;3;3;0;8;8;0
9;5757;NIDO;PRIVATO;Aziendale;ISOLA CHE NON C'E' - S.EUGENIO;PIAZZALE DELL'UMANESIMO 10;06/51002525;08:00 / 16:30;3;20;19;12;7;3;8;8;0;19;19;0
9;3919;NIDO;PRIVATO;Convenzione;MONDO DI BIMBI;VIA VITALIANO BRANCATI 20;06/5003336;08:00 / 16:30;3;28;28;10;18;6;10;12;0;28;28;0
9;3978;NIDO;PRIVATO;Aziendale;NASO ALL' INSU' - INAIL;PIAZZALE GIULIO PASTORE ;06/54873437;08:00 / 16:30;3;9;8;4;4;3;5;0;0;8;7;1
9;5810;NIDO;PRIVATO;Convenzione;NATI OGGI;VIA VICO CONSORTI ;06/52831789;08:00 / 16:30;3;26;26;16;10;6;11;9;0;26;26;0
9;3299;NIDO;COMUNALE;;OCEANO;VIALE EGEO 130;06/95951219;08:00 / 16:30;3;69;61;32;29;16;29;16;0;61;51;10
9;3294;NIDO;COMUNALE;;ORSETTO GOLOSO;VIA BEPPE FENOGLIO 20;06/95951214;07:30 / 17:00;3;69;67;26;41;18;23;26;0;67;59;8
9;3797;NIDO;PRIVATO;Convenzione;PAPAGENO;VIA VITALIANO BRUNELLI 5;06/50524376;08:00 / 16:30;3;48;38;18;20;10;19;9;0;38;37;1
9;3297;NIDO;COMUNALE;;PAPERO GIALLO;VIA FIUME GIALLO 390;06/95951217;08:00 / 16:30;3;69;64;34;30;19;26;19;0;64;60;4
9;3795;NIDO;PRIVATO;Convenzione;PAPEROPOLI;VIA GIACOMO DINA 11;06/5060527;08:00 / 16:30;3;17;17;10;7;5;6;6;0;17;17;0
9;5654;NIDO;PRIVATO;Aziendale;POSTE BIMBI;VIALE EUROPA 175;06/59587433;08:00 / 16:30;3;10;10;4;6;0;5;5;0;10;10;0
9;5744;NIDO;PRIVATO;Aziendale;PUFFI E PUPE - MIN.INFRASTRUTTURE;VIALE DELL'ARTE 16;06/59648174;08:00 / 16:30;3;5;5;2;3;0;3;2;0;5;4;1
9;3296;NIDO;COMUNALE;;PULCINO BALLERINO;VIA MATTEO BARTOLI 72;06/95951216;08:00 / 16:30;3;69;68;32;36;15;27;26;0;68;63;5
9;3293;NIDO;COMUNALE;;RICCIO CAPRICCIO;VIA GIUSEPPE MAROTTA 35;06/95951213;08:00 / 16:30;3;69;62;35;27;14;24;24;0;62;47;15
9;3877;NIDO;PRIVATO;Convenzione;SIRIO;VIA MICHELE SAPONARO 10;06/5012638;08:00 / 16:30;3;66;66;33;33;17;28;21;0;66;63;3
9;5788;NIDO;PRIVATO;Aziendale;SORELLA M.C.LUINETTI - MIN.DIFESA;VIA DEI FUCILIERI 1;06/517051782;08:00 / 16:30;3;8;8;4;4;3;2;3;0;8;8;0
9;3838;NIDO;COMUNALE;;SORGENTE;VIA BRUNO DE FINETTI 170;06/95951236;08:00 / 16:30;3;65;64;38;26;12;25;27;0;64;62;2
9;3997;NIDO;COMUNALE;;TAPPETO VOLANTE;VIA VINICIO CORTESE 155;06/95951237;08:00 / 16:30;3;60;57;30;27;15;24;18;0;57;54;3
9;3298;NIDO;COMUNALE;;TENERO GERMOGLIO;VIA ORAZIO CONSOLE 35;06/95951218;07:30 / 17:00;3;48;47;24;23;7;21;19;0;47;44;3
10;3275;NIDO;COMUNALE;;ACQUAMARINA;VIA TAGASTE 10;06/5611062;07:30 / 17:00;3;69;69;41;28;15;27;27;0;69;62;7
10;5800;NIDO;PRIVATO;Convenzione;BABY GARDEN DI LUCILLA;VIA GIUSEPPE ZAMBONARDI 61;06/56350611;08:00 / 16:30;1;14;14;9;5;0;14;0;0;14;14;0
10;3773;NIDO;SPAZIO BE.BI PRIVATO;Convenzione;BABY SCHOOL . IT;VIA RODOLFO GRIMALDI CASTA 14;06/5600353;08:00 / 19:00;4;58;37;27;10;0;19;18;0;37;26;11
10;3768;NIDO;PRIVATO;Convenzione;C'ERA DUE VOLTE;VIA DI SAPONARA 37;/3485482876;08:00 / 16:30;2;21;15;5;10;0;7;8;0;15;10;5
10;3274;NIDO;COMUNALE;;CORALLI;VIA MAR DEI CORALLI ;06/5681914;08:00 / 16:30;3;53;53;27;26;11;18;24;0;53;50;3
10;6448;NIDO;PRIVATO;Convenzione;COSIPERGIOCO;VIA DI MACCHIA SAPONARA 249;06/50910907;08:00 / 16:30;3;62;62;27;35;14;24;24;0;62;57;5
10;5663;NIDO;PRIVATO;Convenzione;CRESCERE INSIEME;VIA DI MACCHIA SAPONARA 249;06/50910907;08:00 / 16:30;3;83;83;37;46;23;35;25;0;83;80;3
10;5778;NIDO;PRIVATO;Convenzione;DIRE FARE GIOCARE;VIA DI PIANA BELLA 30;06/5651583;08:00 / 16:30;3;51;51;28;23;13;21;17;0;51;49;2
10;5780;NIDO;PRIVATO;Convenzione;GIOCANDO SI IMPARA;VIA FRANCESCO ORIOLI 48;06/5651847;08:00 / 16:30;3;59;59;33;26;14;22;23;0;59;56;3
10;3892;NIDO;PRIVATO;Convenzione;GIOCHI E COCCOLE;VIA ERNESTO BOEZI 102;06/50911231;08:00 / 16:30;3;37;33;17;16;8;12;13;0;33;22;11
10;5649;NIDO;PRIVATO;Convenzione;GIOCHI E FIABE;VIA DEI PALOMBARI 16;06/56304028;08:00 / 16:30;2;14;14;7;7;0;6;8;0;14;13;1
10;5781;NIDO;PRIVATO;Convenzione;GIOCO CON TE;VIA GIUSEPPE FIORELLI 31;06/83606927;08:00 / 16:30;3;33;33;18;15;7;17;9;0;33;31;2
10;3271;NIDO;COMUNALE;;GIRASOLI;VIA DOMENICO MORELLI 9;06/52369238;08:00 / 16:30;3;69;65;41;24;14;25;26;0;65;55;10
10;5796;NIDO;PRIVATO;Convenzione;GLI AMICI DI PIPPO;VIA ALESSANDRO CAPALTI 35;06/64003610;08:00 / 16:30;2;22;19;7;12;0;9;10;0;19;14;5
10;3743;NIDO;COMUNALE;;GLI ULIVI;VIA GIOVANNI BATTISTA DA PESARO 7;06/52310853;08:00 / 16:30;3;69;64;30;34;15;24;25;0;64;53;11
10;5703;NIDO;PRIVATO;Convenzione;GRANDI DENTRO;VIA GUIDO CANTELLI 16;06/5090897;08:00 / 16:30;3;33;32;8;24;7;12;13;0;32;27;5
10;6446;NIDO;PRIVATO;Convenzione;IL BIANCONIGLIO;VIA ANTERIVO 31;06/64532646;08:00 / 16:30;3;21;21;10;11;9;10;2;0;21;21;0
10;5647;NIDO;PRIVATO;Convenzione;IL CASALE DEI PICCOLI;VIA DOMENICO PURIFICATO 441;06/83768130;08:00 / 16:30;3;32;32;19;13;9;12;11;0;32;31;1
10;3277;NIDO;COMUNALE;;IL CAVALLUCCIO MARINO;VIA LUIGI BORSARI 36;06/5600652;08:00 / 16:30;3;69;69;40;29;16;23;30;0;69;62;7
10;5799;NIDO;PRIVATO;Convenzione;IL CENTRO DELLE COCCOLE;VIA PADRE VITALE 75;06/59290324;08:00 / 16:30;2;26;18;11;7;0;9;9;0;18;16;2
10;5702;NIDO;PRIVATO;Convenzione;IL COLIBRI';VIA ARCANGELO LAMBERTI 8;06/52169767;08:00 / 16:30;2;25;21;9;12;0;11;10;0;21;19;2
10;3770;NIDO;PRIVATO;Convenzione;IL GIARDINO DEI BIMBI;VIA MARTINO MARTINI 32;06/5210082;08:00 / 16:30;2;33;32;20;12;0;12;20;0;32;27;5
10;4026;NIDO;SPAZIO BE.BI PRIVATO;Convenzione;IL GIARDINO DEI BIMBI DUE -SPAZIO BE.BI;VIA CAPO PALINURO 18;06/45478092;08:00 / 19:30;4;32;32;13;19;0;10;22;0;32;30;2
10;5646;NIDO;PRIVATO;Convenzione;IL LILLIPUT;VIA NORA RICCI 28;06/5259685;08:00 / 16:30;3;22;22;10;12;7;7;8;0;22;22;0
10;5687;NIDO;PRIVATO;Convenzione;IL MONDO CHE VORREI;VIA DI MACCHIA SAPONARA 247;06/50910907;08:00 / 16:30;3;83;83;35;48;23;34;26;0;83;79;4
10;5659;NIDO;PRIVATO;Convenzione;IL MONDO DI COCCO E DRILLI;VIA CESARE MACCARI 151;06/88540199;08:00 / 16:30;3;31;31;18;13;10;11;10;0;31;27;4
10;6466;NIDO;PRIVATO;Convenzione;IL SEGRETO DELL'INFANZIA;VIA PIETRO BENEDETTI 85;06/5215664;08:00 / 16:30;2;28;27;16;11;0;13;14;0;27;22;5
10;5802;NIDO;PRIVATO;Convenzione;KINDER HAPPY BABY;VIA DEL COLLETTORE PRIMARIO 39;06/5651145;08:00 / 16:30;2;24;24;15;9;0;11;13;0;24;19;5
10;5806;NIDO;PRIVATO;Convenzione;KINDER HAPPY 2;VIA GIOVANNI BATTISTA SAMMARTINI 59;06/50934013;08:00 / 16:30;2;12;10;7;3;0;3;7;0;10;10;0
10;5772;NIDO;PRIVATO;Convenzione;LA CARACOLITA;VIA MAURICE RAVEL 408;06/98876912;08:00 / 16:30;3;50;50;22;28;12;21;17;0;50;49;1
10;5558;NIDO;PRIVATO;Convenzione;LA CARICA DEI 101;VIA CALAVINO 45;06/98872697;08:00 / 16:30;3;39;39;18;21;11;14;14;0;39;36;3
10;5660;NIDO;PRIVATO;Convenzione;LA CASA DI ALICE;VIA GIAMBATTISTA BASSANI 10;06/50912133;08:00 / 16:30;3;23;23;15;8;7;9;7;0;23;21;2
10;3273;NIDO;COMUNALE;;LA FELCE;VIA DELLA FELCE 31;06/52369231;08:00 / 16:30;3;69;66;34;32;14;24;28;0;66;45;21
10;6322;NIDO;COMUNALE;;LA MENTA PIPERITA;VIA MONVALLE 31;/;08:00 / 16:30;2;48;40;25;15;0;20;20;0;40;31;9
10;5798;NIDO;PRIVATO;Convenzione;LA TANA DEI CUCCIOLI;VIA ARISTOFONTE 14;06/50915959;08:00 / 16:30;2;14;12;6;6;0;3;9;0;12;11;1
10;4022;NIDO;PRIVATO;Convenzione;LA VALLE INCANTATA;VIA GIOVANNI BECATTI 18;06/5652087;08:00 / 16:30;3;42;42;18;24;12;17;13;0;42;37;5
10;5777;NIDO;PRIVATO;Convenzione;L'AURORA NIDI;VIA TOMMASO TRAETTA 70;06/50916331;08:00 / 16:30;3;39;39;18;21;12;14;13;0;39;35;4
10;3890;NIDO;PRIVATO;Convenzione;LE COCCOLE;VIALE FRA' ANDREA DI GIOVANNI 150;06/5218099;08:00 / 16:30;3;31;31;13;18;12;13;6;0;31;22;9
10;6323;NIDO;COMUNALE;;LE GINESTRE;VIA FRANCESCO MENZIO 399;06/52455063;08:00 / 16:30;3;26;24;11;13;8;10;6;0;24;23;1
10;3276;NIDO;COMUNALE;;LE PICCOLE DUNE;VIALE VEGA 103;06/56305556;08:00 / 16:30;3;69;69;40;29;15;25;29;0;69;67;2
10;5557;NIDO;COMUNALE;;LE PRATOLINE;VIA MAIERATO 95;06/52440382;08:00 / 16:30;3;58;0;0;0;0;0;0;0;0;0;0
10;5782;NIDO;PRIVATO;Convenzione;LE PRIMULE;VIA ROVOLON 17;06/96842973;08:00 / 16:30;3;28;27;15;12;9;10;8;0;27;23;4
10;5568;NIDO;COMUNALE;;LE QUERCE;VIA ERNESTO BOEZI 158;06/50930289;08:00 / 16:30;3;65;63;29;34;16;23;24;1;62;53;10
10;5522;NIDO;PRIVATO;Convenzione;L'ORSETTO;VIA DEL FOSSO DI DRAGONCELLO 201;06/65499223;08:00 / 16:30;2;26;26;15;11;0;12;14;0;26;23;3
10;4021;NIDO;PRIVATO;Convenzione;MADONNA DEGLI ANGELI;VIA FRANCESCO DONATI 86;06/52311544;08:00 / 16:30;3;59;56;26;30;18;18;20;0;56;53;3
10;5784;NIDO;PRIVATO;Convenzione;MANDARINO;VIA EUTIDEMO DI CHIO 49;06/50933756;08:00 / 16:30;3;21;21;12;9;7;8;6;0;21;13;8
10;5783;NIDO;PRIVATO;Convenzione;MANO NELLA MANO;VIA BEDOLLO 27;06/5053023;08:00 / 16:30;3;18;17;8;9;5;6;6;0;17;15;2
10;6471;NIDO;PRIVATO;Convenzione;MERAVIGLIA;VIA GIOVANNI MINOZZI 21;328/8559330;08:00 / 16:30;2;16;16;8;8;12;0;4;0;16;13;3
10;5648;NIDO;PRIVATO;Convenzione;PAIDEIA;VIA DELLA CACCIUTA 64;335/8118841;08:00 / 16:30;2;13;12;8;4;0;5;7;0;12;11;1
10;5651;NIDO;PRIVATO;Convenzione;PAPAVERI E PAPERE;VIA GIUSEPPE MICALI 72;06/5650491;08:00 / 16:30;3;21;21;11;10;7;8;6;0;21;20;1
10;6472;NIDO;PRIVATO;Convenzione;PASSO A DUE;VIALE DEI ROMAGNOLI 51;06/64673111;08:00 / 16:30;3;9;9;7;2;3;2;4;0;9;9;0
10;5697;NIDO;PRIVATO;Convenzione;PIXIELAND;VIA DEI MONTI DI S. PAOLO 140;06/52350603;08:00 / 16:30;3;16;16;10;6;5;5;6;0;16;13;3
10;5803;NIDO;PRIVATO;Convenzione;POLLICINO;VIA GABRIELE TORREMUZZA 75;06/5652540;08:00 / 16:30;2;12;12;6;6;0;6;6;0;12;11;1
10;5650;NIDO;PRIVATO;Convenzione;SOLE E LUNA;VIA BEDOLLO 147;06/97990977;08:00 / 16:30;2;22;22;13;9;0;9;13;0;22;19;3
10;3488;NIDO;COMUNALE;;STELLE NASCENTI;VIA NORA RICCI 30;06/5258108;08:00 / 17:00;3;53;53;26;27;14;16;23;0;53;46;7
10;3891;NIDO;PRIVATO;Convenzione;TENERAMENTE INSIEME;VIA GIORGIO HINNA 28;06/5212248;08:00 / 16:30;3;97;81;41;40;24;39;18;0;81;74;7
10;6473;NIDO;PRIVATO;Convenzione;TUTTI A SCUOLA;VIA DEI MONTI DI S. PAOLO 55;345/0247482;08:00 / 16:30;1;5;5;4;1;0;5;0;0;5;4;1
10;5658;NIDO;PRIVATO;Convenzione;UNO DUE TRE...VIA!;VIA GINO BONICHI 17;06/52360550;08:00 / 16:30;3;34;34;16;18;9;13;12;0;34;31;3
10;5689;NIDO;PRIVATO;Convenzione;VIOLE AL POLO NORD;VIA DELLA VERBENA 16;348/5481071;08:00 / 16:30;2;20;16;8;8;0;6;10;0;16;12;4
11;3883;NIDO;PRIVATO;Convenzione;A CASA DI NONNA VELIA;LUNGOTEVERE DELLA MAGLIANA 95;06/55262976;08:00 / 16:30;2;16;15;9;6;0;10;5;0;15;13;2
11;3184;NIDO;COMUNALE;;AQUILONE BLU;VIA VINCENZO BRUNACCI 42;06/5570276;08:00 / 16:30;3;69;68;34;34;17;26;25;0;68;64;4
11;3975;NIDO;COMUNALE;;ARABA FENICE;VIA GREVE 61;06/55282348;08:00 / 16:30;3;53;49;27;22;11;21;17;0;49;39;10
11;3188;NIDO;COMUNALE;;BUSSOLA D'ORO;VIA DEL TRULLO 139;06/6537971;07:30 / 17:00;3;69;68;38;30;18;23;27;0;68;48;20
11;4006;NIDO;COMUNALE;;CHIARAMONTI;VIA DEI CHIARAMONTI ;06/65671740;08:00 / 16:30;3;40;39;22;17;11;15;13;0;39;36;3
11;3187;NIDO;COMUNALE;;COCCOLE E COLORI;VIA CAMILLO MONTALCINI 19;06/55285441;08:00 / 16:30;3;69;59;29;30;17;26;16;0;59;54;5
11;3981;NIDO;COMUNALE;;CORVIALE;VIA DEI GRADENIGO ;06/65678218;08:00 / 16:30;3;69;69;30;39;17;26;26;0;69;67;2
11;5499;NIDO;PRIVATO;Convenzione;CRESCERE INSIEME;VIA ANTONIO ROITI 63;06/5565133;08:00 / 16:30;3;32;32;18;14;9;13;10;0;32;32;0
11;3191;NIDO;COMUNALE;;FANTASIA;VIA GIOVANNI VOLPATO 20;06/5571225;07:30 / 17:00;3;92;81;34;47;18;26;37;0;81;68;13
11;3190;NIDO;COMUNALE;;GIO' E GIO';VIALE VENTIMIGLIA 15;06/6530667;08:00 / 16:30;3;46;44;26;18;14;14;16;0;44;34;10
11;5625;NIDO;PRIVATO;Convenzione;GIRA GIRASOLE;LARGO CITTA' DEI RAGAZZI 1;06/65003224;08:00 / 16:30;2;14;14;8;6;0;7;7;0;14;13;1
11;3183;NIDO;COMUNALE;;IL CICLAMINO;VIA GIUSEPPE BELLUZZO 100;06/5592433;08:00 / 16:30;3;69;69;41;28;15;27;27;0;69;66;3
11;5503;NIDO;COMUNALE;;IL LIRIO D'ORO;VIA PORTUENSE 1635;06/65004138;07:30 / 17:00;3;69;69;39;30;15;27;27;0;69;62;7
11;3882;NIDO;COMUNALE;;IRLANDESI;VIA DEGLI IRLANDESI 47;06/55268799;08:00 / 16:30;3;69;66;32;34;15;27;24;1;65;64;2
11;3980;NIDO;PRIVATO;Convenzione;LA VIA LATTEA;VIA CRISTOFORO SABBADINO 86;06/65001642;08:00 / 16:30;3;42;42;23;19;6;18;18;0;42;37;5
11;3780;NIDO;PRIVATO;Convenzione;LE FARFALLE;VIA DELLA CASETTA MATTEI 322;06/6663741;08:00 / 16:30;2;32;32;19;13;0;16;16;0;32;29;3
11;3778;NIDO;COMUNALE;;LORIS MALAGUZZI - MATTINA;VIA GIOVANNI PORZIO 30;06/65745081;07:00 / 13:00;2;43;43;20;23;0;21;22;0;43;43;0
11;3779;NIDO;COMUNALE;;LORIS MALAGUZZI - POMERIGGIO;VIA GIOVANNI PORZIO 30;06/65745081;13:00 / 18:00;2;27;26;15;11;0;12;14;0;26;23;3
11;3977;NIDO;PRIVATO;Aziendale;MAGLIANA;VIA LUIGI CANDONI ;06/46955320;08:00 / 16:30;3;44;28;11;17;6;16;6;0;28;24;4
11;3185;NIDO;COMUNALE;;MAIS & GIRASOLE;VIA CASTIGLION FIBOCCHI 13;06/97270972;07:30 / 17:00;3;69;69;32;37;17;26;26;0;69;64;5
11;3821;NIDO;COMUNALE;;MANDORLO ROSA;VIA PESCAGLIA 75;06/55265299;08:00 / 16:30;3;46;44;24;20;10;18;16;0;44;36;8
11;3186;NIDO;COMUNALE;;NIDOIDEA;VIA LAMPORECCHIO 20;06/6530390;08:00 / 16:30;3;46;46;24;22;12;17;17;0;46;46;0
11;3843;NIDO;COMUNALE;;STELLA STELLINA;VIA QUIRINO MAJORANA 139;06/55302100;08:00 / 16:30;3;53;48;24;24;14;19;15;0;48;46;2
12;5620;NIDO;PRIVATO;Convenzione;ANGHINGO';VIA LEONARDO FIBONACCI 83;06/6692821;08:00 / 16:30;3;22;21;12;9;6;8;7;0;21;20;1
12;6449;NIDO;PRIVATO;Convenzione;ANNA MICHELI;VIA LUDOVICA ALBERTONI 41;06/538292;08:00 / 16:30;3;54;54;29;25;14;18;22;0;54;52;2
12;4018;NIDO;COMUNALE;;AQUILONE;VIA DEGLI ANTELMINELLI 22;06/66153951;07:30 / 17:00;3;69;54;24;30;11;25;18;0;54;49;5
12;5677;NIDO;PRIVATO;Convenzione;CASTELLO MONELLO;VIA DEI CONCINI 51;06/81170724;08:00 / 16:30;3;41;41;26;15;4;18;19;0;41;40;1
12;3309;NIDO;COMUNALE;;COCCO E DRILLI;VIA DEL CASALETTO 441;06/65742154;07:30 / 17:00;3;69;67;38;29;19;24;24;0;67;63;4
12;6444;NIDO;PRIVATO;Convenzione;FILOBUS 75;VIA VITELLIA 38;/;08:00 / 16:30;2;7;7;2;5;0;6;1;0;7;7;0
12;3315;NIDO;COMUNALE;;I FOLLETTI;VIA DEI DAMASCENI 15;06/66154685;08:00 / 16:30;3;69;66;36;30;18;25;23;0;66;52;14
12;6428;NIDO;PRIVATO;Concessione;IL BRUCO E LA MELA;VIALE DEI COLLI PORTUENSI 656;06/6533256;08:00 / 16:30;3;58;57;29;28;14;23;20;0;57;57;0
12;4027;NIDO;COMUNALE;;IL GRILLO CANTERILLO;VIA RAIMONDO D'ARONCO 24;/;08:00 / 16:30;3;69;68;43;25;19;24;25;0;68;65;3
12;5745;NIDO;PRIVATO;Aziendale;IL PULCINO;VIA BERNARDINO RAMAZZINI 66;06/5372692;08:00 / 16:30;3;22;21;13;8;7;9;5;0;21;20;1
12;3312;NIDO;COMUNALE;;LA COCCINELLA;VIA FRANCESCO DURANTE 26;/;08:00 / 16:30;3;46;42;22;20;11;16;15;0;42;34;8
12;3311;NIDO;COMUNALE;;LA FRECCIA AZZURRA;PIAZZA VINCENZO CERESI 11;06/5374043;07:30 / 17:00;3;69;65;32;33;18;25;22;0;65;57;8
12;4023;NIDO;SPAZIO BE.BI PRIVATO;Convenzione;LA PISANELLA;VIA DELLA PISANA 974;06/66161421;08:00 / 18:30;4;46;32;12;20;0;14;18;0;32;27;5
12;5619;NIDO;PRIVATO;Convenzione;L'ALBERO DEI SOGNI;VIA GIUSEPPE BALZARETTO 79;06/66514305;08:00 / 16:30;3;16;15;9;6;4;6;5;0;15;13;2
12;5708;NIDO;PRIVATO;Convenzione;L'ALBERO DEI SOGNI 3;VIA GIUSEPPE BENONI 4;06/45472499;08:00 / 16:30;3;23;17;9;8;3;9;5;0;17;17;0
12;6216;NIDO;COMUNALE;;LICIO GIORGIERI;VIA LICIO GIORGIERI 58;06/95951623;08:00 / 16:30;2;37;18;11;7;0;9;9;0;18;14;4
12;3313;NIDO;COMUNALE;;LO SCARABOCCHIO;VIA DEI LAMPUGNANI 35;06/66151393;08:00 / 16:30;3;74;60;31;29;13;28;19;0;60;58;2
12;3909;NIDO;COMUNALE;;MASSIMINA;VIA PAOLO EMILIO PAVOLINI 69;06/6690172;07:30 / 17:00;3;69;68;31;37;19;25;24;0;68;52;16
12;3317;NIDO;COMUNALE;;MORGANA LA RANA;VIALE DEI COLLI PORTUENSI 473;06/65744300;08:00 / 16:30;3;46;42;25;17;13;15;14;0;42;39;3
12;3314;NIDO;COMUNALE;;PARCO FLORA;VIA GIUSEPPE D'AVARNA 30;06/6533788;08:00 / 16:30;3;54;50;27;23;11;21;18;0;50;48;2
12;3785;NIDO;SPAZIO BE.BI PRIVATO;Convenzione;PICCOLI E GRANDI;VIA FRANCESCO MASSI 12;06/5800584;08:00 / 19:30;4;18;18;9;9;0;8;10;0;18;17;1
12;3990;NIDO;PRIVATO;Convenzione;PUNTO VERDE CRESCERE INSIEME;VIA PORTUENSE 290;06/55382401;08:00 / 16:30;3;35;34;18;16;11;12;11;0;34;34;0
13;3380;NIDO;COMUNALE;;ABRACADABRA;VIA BRA 39;06/6628533;08:00 / 16:30;3;46;43;26;17;10;18;15;0;43;27;16
13;5491;NIDO;PRIVATO;Convenzione;ASSO NIDO 1;VIA AGOSTINO RICHELMY 6;06/39388396;08:00 / 16:30;3;23;23;11;12;8;10;5;0;23;21;2
13;3879;NIDO;PRIVATO;Convenzione;AZALEA;VIA ENRICO BONDI 273;06/45421279;08:00 / 16:30;2;31;25;13;12;0;14;11;0;25;19;6
13;5490;NIDO;PRIVATO;Convenzione;CAPRICCI;VIA UGO DA PORTA RAVEGNANA 7;06/66410519;08:00 / 16:30;3;39;37;19;18;6;12;19;0;37;35;2
13;5710;NIDO;PRIVATO;Convenzione;COCCHI DI MAMMA;CIRCONVALLAZIONE CORNELIA 36;06/60651810;08:00 / 16:30;3;26;26;17;9;4;10;12;0;26;25;1
13;5621;NIDO;PRIVATO;Convenzione;CRESCERE INSIEME;VIA DI MONTESPACCATO 26;06/45444672;08:00 / 16:30;2;15;14;6;8;0;9;5;0;14;13;1
13;3382;NIDO;COMUNALE;;GIANBURRASCA;VIA TOMMASO PRELA' 37;06/6243533;08:00 / 16:30;3;80;80;45;35;16;32;32;0;80;52;28
13;3377;NIDO;COMUNALE;;I CUCCIOLI DI VIA SILVERI;VIA DOMENICO SILVERI 6;06/39389511;08:00 / 16:30;3;69;60;34;26;18;22;20;0;60;51;9
13;3744;NIDO;PRIVATO;Convenzione;IL BAMBINO NEL MONDO;VIA BELVEDERE MONTELLO 70;06/6240607;08:00 / 16:30;3;31;31;21;10;6;14;11;0;31;29;2
13;3383;NIDO;COMUNALE;;IL FANTABOSCO;VIA S. SECONDA 21;06/61560790;08:00 / 16:30;3;69;68;44;24;16;24;28;0;68;53;15
13;4012;NIDO;COMUNALE;;IL GLICINE;VIA GIUSEPPE LAZZATI 213;06/66180620;08:00 / 16:30;3;69;61;31;30;16;26;19;0;61;55;6
13;3381;NIDO;COMUNALE;;IL NIDO DEL PARCO;VIA FRANCESCO SCADUTO 67;06/6628585;08:00 / 16:30;3;46;36;19;17;12;14;10;0;36;23;13
13;5680;NIDO;PRIVATO;Convenzione;IL NIDO DI LI.SA.;VIA BISTAGNO 5;06/61520252;08:00 / 16:30;2;20;17;10;7;0;6;11;0;17;15;2
13;3384;NIDO;COMUNALE;;IL PICCOLO PRINCIPE;VIA DIVIGNANO 22;06/61560297;08:00 / 16:30;3;69;62;43;19;15;26;21;0;62;51;11
13;5682;NIDO;PRIVATO;Convenzione;IL TAPPETO VOLANTE;VIA SCANDELUZZA 10;06/61568538;08:00 / 16:30;1;10;10;3;7;0;10;0;0;10;8;2
13;4017;NIDO;PRIVATO;Convenzione;LA BACCHETTA MAGICA;VIA GAMALERO 14;06/93572717;08:00 / 16:30;3;17;15;8;7;7;5;3;0;15;13;2
13;4008;NIDO;COMUNALE;;LA GIRANDOLA D'ORO;VIA LUCA PASSI 55;06/66514450;08:00 / 16:30;3;69;66;28;38;16;25;25;0;66;58;8
13;3379;NIDO;COMUNALE;;L'ALBERO D'ORO;PIAZZA FRANCESCO BORGONGINI DUCA 11;06/6380873;08:00 / 16:30;3;80;77;40;37;14;31;32;0;77;68;9
13;5520;NIDO;PRIVATO;Convenzione;LO STREGATTO;VIA GATTICO 7;06/83766646;08:00 / 16:30;2;65;64;31;33;0;31;33;0;64;63;1
13;3378;NIDO;COMUNALE;;L'ORIZZONTE;VIA BEVERINO 73;06/6144936;08:00 / 16:30;3;69;61;24;37;15;23;23;0;61;48;13
13;3894;NIDO;PRIVATO;Convenzione;LUDUS;VIA DECIO AZZOLINO 33;06/61662339;08:00 / 16:30;3;66;48;24;24;10;20;18;0;48;40;8
13;5691;NIDO;PRIVATO;Convenzione;MOMO;VIA DECIO AZZOLINO 33;06/61662339;08:00 / 16:30;3;68;32;16;16;6;15;11;0;32;28;4
13;5679;NIDO;PRIVATO;Convenzione;ONLY KIDS;VIA AURELIA 1410;06/66183716;08:00 / 16:30;3;57;42;19;23;11;16;15;0;42;42;0
13;5690;NIDO;PRIVATO;Convenzione;QUI QUO QUA;VIA GIOVANNI CIRAOLO 13;06/68192042;08:00 / 16:30;3;21;6;5;1;0;2;4;0;6;6;0
13;6431;NIDO;PRIVATO;Concessione;VALCANNUTA M2;VIA DI VAL CANNUTA 235;06/66515302;08:00 / 16:30;3;98;62;24;38;10;29;23;0;62;59;3
13;5681;NIDO;PRIVATO;Convenzione;VIVILASILO;VIA NOASCA 61;06/45582876;08:00 / 16:30;3;18;10;8;2;2;4;4;0;10;10;0
14;3735;NIDO;PRIVATO;Convenzione;APRITI SESAMO;VIA GEROLAMO MERCURIALE 15;06/35510342;08:00 / 16:30;3;21;21;11;10;6;9;6;0;21;20;1
14;3915;NIDO;PRIVATO;Convenzione;AZALEA;VIA FERRANTE RUIZ 17;06/697275229;08:00 / 16:30;2;34;34;18;16;0;15;19;0;34;30;4
14;5700;NIDO;PRIVATO;Convenzione;BIMBI A BORDO;VIA GIORGIO FRANCESCHI 26;06/89689548;08:00 / 16:30;3;43;43;18;25;11;16;16;0;43;40;3
14;3734;NIDO;PRIVATO;Convenzione;BUBU SETTETE;VIALE MONFORTANI 12;06/3386913;08:00 / 16:30;3;17;17;9;8;5;6;6;0;17;14;3
14;3135;NIDO;COMUNALE;;CUCCIOLI E COCCOLE;VIA MATTIA BATTISTINI 155;06/6146392;07:30 / 17:00;3;69;69;35;34;15;27;27;0;69;43;26
14;3141;NIDO;COMUNALE;;GIALLO VERDE E BLU';VIA ROMEO RODRIGUEZ PEREIRA 97;06/35453690;08:00 / 16:30;3;53;52;24;28;12;19;21;0;52;47;5
14;5622;NIDO;PRIVATO;Convenzione;GIOCHI E COCCOLE;VIA MARIO FANI 90;328/0863505;08:00 / 16:30;2;10;7;6;1;0;4;3;0;7;5;2
14;6434;NIDO;COMUNALE;;GIOCOIMPARO;VIA CARENTINO 60;366/6981774;08:00 / 16:30;3;53;53;31;22;10;21;22;0;53;51;2
14;3139;NIDO;COMUNALE;;I CUCCIOLI DELL'ARCA DI NOE';VIA GARLENDA ;06/35506698;08:00 / 16:30;3;53;49;33;16;12;17;20;0;49;40;9
14;3142;NIDO;COMUNALE;;I TESORI DI GULLIVER;VIA CAMILLA RAVERA 38;06/30819680;07:00 / 18:00;3;69;69;38;31;15;26;28;0;69;63;6
14;6433;NIDO;COMUNALE;;IL GALLO ALFONSO;VIA ALFONSO GALLO 15;366/6981761;08:00 / 16:30;3;60;60;31;29;12;24;24;0;60;53;7
14;3846;NIDO;PRIVATO;Aziendale;IL GIARDINO DEI CUCCIOLI;VIA PAOLO EMILIO CASTAGNOLA ;06/33064051;08:00 / 16:30;3;36;36;17;19;10;13;13;0;36;27;9
14;5674;NIDO;PRIVATO;Convenzione;IL GIARDINO INCANTATO;VIA ERMINIA FUSINATO 4;06/4552154;08:00 / 16:30;3;22;22;11;11;5;10;7;0;22;21;1
14;3872;NIDO;PRIVATO;Convenzione;IL MAPPAMONDO;VIA ERMENEGILDO PISTELLI 16;06/3071132;08:00 / 16:30;2;18;11;8;3;0;4;7;0;11;10;1
14;3140;NIDO;COMUNALE;;IL PAESE DEI BALOCCHI;VIA PIETRO BEMBO 244;06/6145074;08:00 / 16:30;3;69;69;39;30;16;25;28;0;69;58;11
14;3976;NIDO;COMUNALE;;IL TEMPO DEI BAMBINI;VIA GIROLAMO CASANATE ;06/61283723;08:00 / 16:30;2;35;33;20;13;0;14;19;0;33;26;7
14;6443;NIDO;PRIVATO;Convenzione;JASMINE;VIA ANDREA BARBATO 31;/;08:00 / 16:30;2;55;55;27;28;0;27;28;0;55;52;3
14;3736;NIDO;SPAZIO BE.BI PRIVATO;Convenzione;LA CASETTA;VIA FANNY TACCHINARDI 25;06/3012887;08:00 / 19:00;4;36;22;15;7;0;6;16;0;22;21;1
14;3732;NIDO;PRIVATO;Convenzione;LA MONGOLFIERA;VIA DELLE BENEDETTINE 50;06/30602437 - 438;08:00 / 16:30;3;99;99;55;44;26;41;32;0;99;83;16
14;3144;NIDO;COMUNALE;;LA TAVERNA DEI PICCOLI;VIA GIUSEPPE TAVERNA 147;06/45439005;07:30 / 17:00;3;69;68;37;31;13;28;27;0;68;45;23
14;6430;NIDO;PRIVATO;Concessione;MONSIGNOR ANTONINO SPINA;VIA SAN BASILIDE 19;06/30994520;08:00 / 16:30;3;74;74;30;44;22;26;26;1;73;71;3
14;3137;NIDO;COMUNALE;;NIDO DI PETER PAN;VIA PAOLO EMILIO CASTAGNOLA 15;06/30683425;08:00 / 16:30;3;69;67;30;37;12;35;20;0;67;55;12
14;3143;NIDO;COMUNALE;;TONDOGIRO;VIA S. IGINO PAPA 294;06/6270946;08:00 / 16:30;3;69;69;37;32;13;28;28;0;69;56;13
14;5589;NIDO;PRIVATO;Progetto Finanziato;TORRESINA;PIAZZA GINO PALLOTTA 1;06/61270227 / 349273138;07:30 / 16:30;3;69;69;43;26;14;27;28;0;69;67;2
14;6447;NIDO;PRIVATO;Convenzione;1 2 3 STELLA;VIA BENEDETTO ALOISI MASELLA ;/;08:00 / 16:30;3;90;90;49;41;19;46;25;0;90;76;14
15;3088;NIDO;COMUNALE;;BELLAGIO;VIA BELLAGIO 25;06/33613975;08:00 / 16:30;2;58;58;29;29;0;29;29;0;58;54;4
15;3081;NIDO;COMUNALE;;CASSIOPEA;VIA CASSIA 7;06/3331391;08:00 / 16:30;3;57;55;34;21;14;20;21;0;55;37;18
15;3083;NIDO;COMUNALE;;COLLI D'ORO;LARGO FOPPOLO 12;06/33610808;08:00 / 16:30;3;53;53;30;23;13;20;20;0;53;46;7
15;3082;NIDO;COMUNALE;;FARNESINA;VIA DELLA FARNESINA 182;06/3297334;07:30 / 17:00;3;69;69;36;33;15;27;27;0;69;59;10
15;5785;NIDO;PRIVATO;Convenzione;FATE E FOLLETTI;VIA GIUSEPPE PECCHIO 16;06/36303268;08:00 / 16:30;2;18;18;10;8;0;7;11;0;18;14;4
15;3086;NIDO;COMUNALE;;GALLINE BIANCHE;VIA BACCANO 5;06/33613968;07:00 / 18:00;3;69;68;41;27;15;26;27;0;68;55;13
15;6468;NIDO;PRIVATO;Convenzione;IL FIORE SULLA NUVOLETTA;VIA PIO SPACCAMELA 10;06/30316990;08:00 / 16:30;2;15;15;7;8;0;7;8;0;15;12;3
15;3084;NIDO;COMUNALE;;IL MAGO DI OZ;VIA CASSIA 17.200;06/30899140;07:30 / 17:00;3;55;55;28;27;13;21;21;0;55;42;13
15;6442;NIDO;SPAZIO BE.BI PRIVATO;Convenzione;L' ISOLA DEI MONELLI;VIA ITALO PICCAGLI 49;06/98877396;07:30 / 18:00;4;38;28;18;10;0;14;14;0;28;20;8
15;3087;NIDO;COMUNALE;;LA FILASTROCCA ALLEGRA;VIA ANGUILLARESE 171;06/30447607;08:00 / 16:30;2;22;22;9;13;0;9;13;0;22;16;6
15;5594;NIDO;COMUNALE;;LA PAGINA MAGICA;LARGO DELLA GIUSTINIANA ;06/30316066;08:00 / 16:30;3;69;67;24;43;15;27;25;0;67;53;14
15;5786;NIDO;PRIVATO;Convenzione;L'ALBERO DEI SOGNI 2;VIA SANTI COSMA E DAMIANO 26;06/64700149;08:00 / 16:30;3;31;31;11;20;10;11;10;0;31;24;7
15;5492;NIDO;COMUNALE;;L'ALBERO DELLE NOCI;VIA AL SESTO MIGLIO 78;06/33266737;08:00 / 16:30;1;13;10;6;4;0;0;10;0;10;3;7
15;3085;NIDO;COMUNALE;;TRILLY;VIA FOSSO DEL POGGIO 71;06/33250692;07:30 / 17:00;3;69;67;34;33;15;27;25;0;67;44;23
